Protocol: TCP, SrcIp: 10.50.15.11, DstIp: 10.50.19.1, hash: b5c74cb8752b7f2b543ca6d1e186ba893a059283225cc887a59f553dae3e
Protocol: TCP, SrcIp: 10.50.15.11, DstIp: 10.84.223.192, hash: bf511d23e3cbf579b56d71dec62149616ce471d1c51aeec711b10abf66431d3
Protocol: TCP, SrcIp: 10.50.15.11, DstIp: 10.50.19.1, hash: b5c74cb8752b7f2b543ca6d1e186ba893a059283225cc887a59f553dae3e
Protocol: TCP, SrcIp: 10.50.15.11, DstIp: 10.84.223.192, hash: bf511d23e3cbf579b56d71dec62149616ce471d1c51aeec711b10abf66431d3
Protocol: TCP, SrcIp: 10.50.15.11, DstIp: 10.50.19.1, hash: b5c74cb8752b7f2b543ca6d1e186ba893a059283225cc887a59f553dae3e
Protocol: TCP, SrcIp: 10.50.15.11, DstIp: 10.84.223.192, hash: bf511d23e3cbf579b56d71dec62149616ce471d1c51aeec711b10abf66431d3
Protocol: TCP, SrcIp: 10.50.15.11, DstIp: 10.50.19.1, hash: b5c74cb8752b7f2b543ca6d1e186ba893a059283225cc887a59f553dae3e
Protocol: TCP, SrcIp: 10.50.15.11, DstIp: 10.84.223.192, hash: bf511d23e3cbf579b56d71dec62149616ce471d1c51aeec711b10abf66431d3
Protocol: UDP, SrcIp: 10.50.15.11, DstIp: 224.0.0.251, hash: ffa9dda7b7d869e4e5244a9b19e636d16f4fde6d364fc2e73793ca7f08b5fe
Protocol: UDP, SrcIp: fe80:0:0:0:8af:a76e:b46e:18e, DstIp: ff02:0:0:0:0:0:0:fb, hash: ac55b2a282398f4230ae2582f47577fde984992ddd71937249c1a93542f4d
Protocol: TCP, SrcIp: 10.50.15.11, DstIp: 10.50.19.1, hash: b5c74cb8752b7f2b543ca6d1e186ba893a059283225cc887a59f553dae3e
Protocol: TCP, SrcIp: 10.50.15.11, DstIp: 10.84.223.192, hash: bf511d23e3cbf579b56d71dec62149616ce471d1c51aeec711b10abf66431d3
Protocol: TCP, SrcIp: 10.50.15.11, DstIp: 10.50.19.1, hash: b5c74cb8752b7f2b543ca6d1e186ba893a059283225cc887a59f553dae3e
Protocol: TCP, SrcIp: 10.50.15.11, DstIp: 10.84.223.192, hash: bf511d23e3cbf579b56d71dec62149616ce471d1c51aeec711b10abf66431d3
Protocol: UDP, SrcIp: 10.50.15.11, DstIp: 224.0.0.251, hash: ffa9dda7b7d869e4e5244a9b19e636d16f4fde6d364fc2e73793ca7f08b5fe
Protocol: UDP, SrcIp: fe80:0:0:0:8af:a76e:b46e:18e, DstIp: ff02:0:0:0:0:0:0:fb, hash: ac55b2a282398f4230ae2582f47577fde984992ddd71937249c1a93542f4d
Protocol: TCP, SrcIp: 10.50.15.11, DstIp: 8.8.8.8, hash: ded443f531ff8da1b44f3f7f45647ba7e8c8f4b0b9497399ea72315cb1c5aaa3
Protocol: TCP, SrcIp: 10.50.15.11, DstIp: 10.50.19.1, hash: b5c74cb8752b7f2b543ca6d1e186ba893a059283225cc887a59f553dae3e
Protocol: TCP, SrcIp: 8.8.8.8, DstIp: 10.50.15.11, hash: 607fb81b4790ec39ecb92f1a8d52646a7e0ecda27e7cad4b2ebbc1b2ae8afff
Protocol: TCP, SrcIp: 10.50.15.11, DstIp: 10.84.223.192, hash: bf511d23e3cbf579b56d71dec62149616ce471d1c51aeec711b10abf66431d3
Protocol: UDP, SrcIp: 10.50.15.11, DstIp: 224.0.0.251, hash: ffa9dda7b7d869e4e5244a9b19e636d16f4fde6d364fc2e73793ca7f08b5fe
Protocol: UDP, SrcIp: fe80:0:0:0:8af:a76e:b46e:18e, DstIp: ff02:0:0:0:0:0:0:fb, hash: ac55b2a282398f4230ae2582f47577fde984992ddd71937249c1a93542f4d
Protocol: TCP, SrcIp: 10.50.15.11, DstIp: 20.111.1.3, hash: 33c71890d43f49ad2a4dd2dad2049efc46173ce6d2ff6d230e2cb92e8f3d8cc
Protocol: TCP, SrcIp: 40.99.201.242, DstIp: 10.50.15.11, hash: d53986ed01121c07a38eed88acba4ddd6c3d4fc8685dcfd665cbbf9bef33
Protocol: TCP, SrcIp: 40.99.201.242, DstIp: 10.50.15.11, hash: d53986ed01121c07a38eed88acba4ddd6c3d4fc8685dcfd665cbbf9bef33
Protocol: TCP, SrcIp: 40.99.201.242, DstIp: 10.50.15.11, hash: d53986ed01121c07a38eed88acba4ddd6c3d4fc8685dcfd665cbbf9bef33
Protocol: TCP, SrcIp: 10.50.15.11, DstIp: 40.99.201.242, hash: 10fb9424afca13dda1ebb06d99518da9827e6884a8e761f7d93831d9a9ea3
Protocol: TCP, SrcIp: 10.50.15.11, DstIp: 40.99.201.242, hash: 10fb9424afca13dda1ebb06d99518da9827e6884a8e761f7d93831d9a9ea3
Protocol: TCP, SrcIp: 10.50.15.11, DstIp: 40.99.201.242, hash: 10fb9424afca13dda1ebb06d99518da9827e6884a8e761f7d93831d9a9ea3
Protocol: TCP, SrcIp: 20.111.1.3, DstIp: 10.50.15.11, hash: 21cfa53249875d34fb2843837561d6a88624acab7eb50f4317f2478da3f905e
Protocol: TCP, SrcIp: 40.99.201.242, DstIp: 10.50.15.11, hash: d53986ed01121c07a38eed88acba4ddd6c3d4fc8685dcfd665cbbf9bef33
Protocol: TCP, SrcIp: 10.50.15.11, DstIp: 40.99.201.242, hash: 10fb9424afca13dda1ebb06d99518da9827e6884a8e761f7d93831d9a9ea3
Protocol: TCP, SrcIp: 10.50.15.11, DstIp: 40.99.201.242, hash: 10fb9424afca13dda1ebb06d99518da9827e6884a8e761f7d93831d9a9ea3
Protocol: TCP, SrcIp: 40.99.201.242, DstIp: 10.50.15.11, hash: d53986ed01121c07a38eed88acba4ddd6c3d4fc8685dcfd665cbbf9bef33
Protocol: TCP, SrcIp: 40.99.201.242, DstIp: 10.50.15.11, hash: d53986ed01121c07a38eed88acba4ddd6c3d4fc8685dcfd665cbbf9bef33
Protocol: TCP, SrcIp: 40.99.201.242, DstIp: 10.50.15.11, hash: d53986ed01121c07a38eed88acba4ddd6c3d4fc8685dcfd665cbbf9bef33
Protocol: TCP, SrcIp: 40.99.201.242, DstIp: 10.50.15.11, hash: d53986ed01121c07a38eed88acba4ddd6c3d4fc8685dcfd665cbbf9bef33
Protocol: TCP, SrcIp: 40.99.201.242, DstIp: 10.50.15.11, hash: d53986ed01121c07a38eed88acba4ddd6c3d4fc8685dcfd665cbbf9bef33
Protocol: TCP, SrcIp: 40.99.201.242, DstIp: 10.50.15.11, hash: d53986ed01121c07a38eed88acba4ddd6c3d4fc8685dcfd665cbbf9bef33
Protocol: TCP, SrcIp: 40.99.201.242, DstIp: 10.50.15.11, hash: d53986ed01121c07a38eed88acba4ddd6c3d4fc8685dcfd665cbbf9bef33
Protocol: TCP, SrcIp: 40.99.201.242, DstIp: 10.50.15.11, hash: d53986ed01121c07a38eed88acba4ddd6c3d4fc8685dcfd665cbbf9bef33
Protocol: TCP, SrcIp: 40.99.201.242, DstIp: 10.50.15.11, hash: d53986ed01121c07a38eed88acba4ddd6c3d4fc8685dcfd665cbbf9bef33
Protocol: TCP, SrcIp: 40.99.201.242, DstIp: 10.50.15.11, hash: d53986ed01121c07a38eed88acba4ddd6c3d4fc8685dcfd665cbbf9bef33
Protocol: TCP, SrcIp: 40.99.201.242, DstIp: 10.50.15.11, hash: d53986ed01121c07a38eed88acba4ddd6c3d4fc8685dcfd665cbbf9bef33
Protocol: TCP, SrcIp: 40.99.201.242, DstIp: 10.50.15.11, hash: d53986ed01121c07a38eed88acba4ddd6c3d4fc8685dcfd665cbbf9bef33
Protocol: TCP, SrcIp: 40.99.201.242, DstIp: 10.50.15.11, hash: d53986ed01121c07a38eed88acba4ddd6c3d4fc8685dcfd665cbbf9bef33
Protocol: TCP, SrcIp: 10.50.15.11, DstIp: 40.99.201.242, hash: 10fb9424afca13dda1ebb06d99518da9827e6884a8e761f7d93831d9a9ea3
Protocol: TCP, SrcIp: 10.50.15.11, DstIp: 40.99.201.242, hash: 10fb9424afca13dda1ebb06d99518da9827e6884a8e761f7d93831d9a9ea3
Protocol: TCP, SrcIp: 10.50.15.11, DstIp: 40.99.201.242, hash: 10fb9424afca13dda1ebb06d99518da9827e6884a8e761f7d93831d9a9ea3
Protocol: TCP, SrcIp: 40.99.201.242, DstIp: 10.50.15.11, hash: d53986ed01121c07a38eed88acba4ddd6c3d4fc8685dcfd665cbbf9bef33
Protocol: TCP, SrcIp: 10.50.15.11, DstIp: 40.99.201.242, hash: 10fb9424afca13dda1ebb06d99518da9827e6884a8e761f7d93831d9a9ea3
Protocol: TCP, SrcIp: 40.99.201.242, DstIp: 10.50.15.11, hash: d53986ed01121c07a38eed88acba4ddd6c3d4fc8685dcfd665cbbf9bef33
Protocol: TCP, SrcIp: 40.99.201.242, DstIp: 10.50.15.11, hash: d53986ed01121c07a38eed88acba4ddd6c3d4fc8685dcfd665cbbf9bef33
Protocol: TCP, SrcIp: 40.99.201.242, DstIp: 10.50.15.11, hash: d53986ed01121c07a38eed88acba4ddd6c3d4fc8685dcfd665cbbf9bef33
Protocol: TCP, SrcIp: 40.99.201.242, DstIp: 10.50.15.11, hash: d53986ed01121c07a38eed88acba4ddd6c3d4fc8685dcfd665cbbf9bef33
Protocol: TCP, SrcIp: 40.99.201.242, DstIp: 10.50.15.11, hash: d53986ed01121c07a38eed88acba4ddd6c3d4fc8685dcfd665cbbf9bef33
Protocol: TCP, SrcIp: 40.99.201.242, DstIp: 10.50.15.11, hash: d53986ed01121c07a38eed88acba4ddd6c3d4fc8685dcfd665cbbf9bef33
Protocol: TCP, SrcIp: 40.99.201.242, DstIp: 10.50.15.11, hash: d53986ed01121c07a38eed88acba4ddd6c3d4fc8685dcfd665cbbf9bef33
Protocol: TCP, SrcIp: 40.99.201.242, DstIp: 10.50.15.11, hash: d53986ed01121c07a38eed88acba4ddd6c3d4fc8685dcfd665cbbf9bef33
Protocol: TCP, SrcIp: 10.50.15.11, DstIp: 40.99.201.242, hash: 10fb9424afca13dda1ebb06d99518da9827e6884a8e761f7d93831d9a9ea3
Protocol: TCP, SrcIp: 10.50.15.11, DstIp: 40.99.201.242, hash: 10fb9424afca13dda1ebb06d99518da9827e6884a8e761f7d93831d9a9ea3
Protocol: TCP, SrcIp: 10.50.15.11, DstIp: 40.99.201.242, hash: 10fb9424afca13dda1ebb06d99518da9827e6884a8e761f7d93831d9a9ea3
Protocol: TCP, SrcIp: 40.99.201.242, DstIp: 10.50.15.11, hash: d53986ed01121c07a38eed88acba4ddd6c3d4fc8685dcfd665cbbf9bef33
Protocol: TCP, SrcIp: 10.50.15.11, DstIp: 40.99.201.242, hash: 10fb9424afca13dda1ebb06d99518da9827e6884a8e761f7d93831d9a9ea3
Protocol: TCP, SrcIp: 40.99.201.242, DstIp: 10.50.15.11, hash: d53986ed01121c07a38eed88acba4ddd6c3d4fc8685dcfd665cbbf9bef33
Protocol: TCP, SrcIp: 40.99.201.242, DstIp: 10.50.15.11, hash: d53986ed01121c07a38eed88acba4ddd6c3d4fc8685dcfd665cbbf9bef33
Protocol: TCP, SrcIp: 40.99.201.242, DstIp: 10.50.15.11, hash: d53986ed01121c07a38eed88acba4ddd6c3d4fc8685dcfd665cbbf9bef33
Protocol: TCP, SrcIp: 40.99.201.242, DstIp: 10.50.15.11, hash: d53986ed01121c07a38eed88acba4ddd6c3d4fc8685dcfd665cbbf9bef33
Protocol: TCP, SrcIp: 40.99.201.242, DstIp: 10.50.15.11, hash: d53986ed01121c07a38eed88acba4ddd6c3d4fc8685dcfd665cbbf9bef33
Protocol: TCP, SrcIp: 40.99.201.242, DstIp: 10.50.15.11, hash: d53986ed01121c07a38eed88acba4ddd6c3d4fc8685dcfd665cbbf9bef33
Protocol: TCP, SrcIp: 40.99.201.242, DstIp: 10.50.15.11, hash: d53986ed01121c07a38eed88acba4ddd6c3d4fc8685dcfd665cbbf9bef33
Protocol: TCP, SrcIp: 10.50.15.11, DstIp: 40.99.201.242, hash: 10fb9424afca13dda1ebb06d99518da9827e6884a8e761f7d93831d9a9ea3
Protocol: TCP, SrcIp: 40.99.201.242, DstIp: 10.50.15.11, hash: d53986ed01121c07a38eed88acba4ddd6c3d4fc8685dcfd665cbbf9bef33
Protocol: TCP, SrcIp: 40.99.201.242, DstIp: 10.50.15.11, hash: d53986ed01121c07a38eed88acba4ddd6c3d4fc8685dcfd665cbbf9bef33
Protocol: TCP, SrcIp: 10.50.15.11, DstIp: 40.99.201.242, hash: 10fb9424afca13dda1ebb06d99518da9827e6884a8e761f7d93831d9a9ea3
Protocol: TCP, SrcIp: 10.50.15.11, DstIp: 40.99.201.242, hash: 10fb9424afca13dda1ebb06d99518da9827e6884a8e761f7d93831d9a9ea3
Protocol: TCP, SrcIp: 10.50.15.11, DstIp: 40.99.201.242, hash: 10fb9424afca13dda1ebb06d99518da9827e6884a8e761f7d93831d9a9ea3
Protocol: TCP, SrcIp: 40.99.201.242, DstIp: 10.50.15.11, hash: d53986ed01121c07a38eed88acba4ddd6c3d4fc8685dcfd665cbbf9bef33
Protocol: TCP, SrcIp: 10.50.15.11, DstIp: 40.99.201.242, hash: 10fb9424afca13dda1ebb06d99518da9827e6884a8e761f7d93831d9a9ea3
Protocol: TCP, SrcIp: 40.99.201.242, DstIp: 10.50.15.11, hash: d53986ed01121c07a38eed88acba4ddd6c3d4fc8685dcfd665cbbf9bef33
Protocol: TCP, SrcIp: 40.99.201.242, DstIp: 10.50.15.11, hash: d53986ed01121c07a38eed88acba4ddd6c3d4fc8685dcfd665cbbf9bef33
Protocol: TCP, SrcIp: 40.99.201.242, DstIp: 10.50.15.11, hash: d53986ed01121c07a38eed88acba4ddd6c3d4fc8685dcfd665cbbf9bef33
Protocol: TCP, SrcIp: 40.99.201.242, DstIp: 10.50.15.11, hash: d53986ed01121c07a38eed88acba4ddd6c3d4fc8685dcfd665cbbf9bef33
Protocol: TCP, SrcIp: 40.99.201.242, DstIp: 10.50.15.11, hash: d53986ed01121c07a38eed88acba4ddd6c3d4fc8685dcfd665cbbf9bef33
Protocol: TCP, SrcIp: 40.99.201.242, DstIp: 10.50.15.11, hash: d53986ed01121c07a38eed88acba4ddd6c3d4fc8685dcfd665cbbf9bef33
Protocol: TCP, SrcIp: 40.99.201.242, DstIp: 10.50.15.11, hash: d53986ed01121c07a38eed88acba4ddd6c3d4fc8685dcfd665cbbf9bef33
Protocol: TCP, SrcIp: 40.99.201.242, DstIp: 10.50.15.11, hash: d53986ed01121c07a38eed88acba4ddd6c3d4fc8685dcfd665cbbf9bef33
Protocol: TCP, SrcIp: 40.99.201.242, DstIp: 10.50.15.11, hash: d53986ed01121c07a38eed88acba4ddd6c3d4fc8685dcfd665cbbf9bef33
Protocol: TCP, SrcIp: 10.50.15.11, DstIp: 40.99.201.242, hash: 10fb9424afca13dda1ebb06d99518da9827e6884a8e761f7d93831d9a9ea3
Protocol: TCP, SrcIp: 10.50.15.11, DstIp: 40.99.201.242, hash: 10fb9424afca13dda1ebb06d99518da9827e6884a8e761f7d93831d9a9ea3
Protocol: TCP, SrcIp: 10.50.15.11, DstIp: 40.99.201.242, hash: 10fb9424afca13dda1ebb06d99518da9827e6884a8e761f7d93831d9a9ea3
Protocol: TCP, SrcIp: 10.50.15.11, DstIp: 40.99.201.242, hash: 10fb9424afca13dda1ebb06d99518da9827e6884a8e761f7d93831d9a9ea3
Protocol: TCP, SrcIp: 40.99.201.242, DstIp: 10.50.15.11, hash: d53986ed01121c07a38eed88acba4ddd6c3d4fc8685dcfd665cbbf9bef33
Protocol: TCP, SrcIp: 10.50.15.11, DstIp: 40.99.201.242, hash: 10fb9424afca13dda1ebb06d99518da9827e6884a8e761f7d93831d9a9ea3
Protocol: TCP, SrcIp: 40.99.201.242, DstIp: 10.50.15.11, hash: d53986ed01121c07a38eed88acba4ddd6c3d4fc8685dcfd665cbbf9bef33
Protocol: TCP, SrcIp: 40.99.201.242, DstIp: 10.50.15.11, hash: d53986ed01121c07a38eed88acba4ddd6c3d4fc8685dcfd665cbbf9bef33
Protocol: TCP, SrcIp: 40.99.201.242, DstIp: 10.50.15.11, hash: d53986ed01121c07a38eed88acba4ddd6c3d4fc8685dcfd665cbbf9bef33
Protocol: TCP, SrcIp: 40.99.201.242, DstIp: 10.50.15.11, hash: d53986ed01121c07a38eed88acba4ddd6c3d4fc8685dcfd665cbbf9bef33
Protocol: TCP, SrcIp: 40.99.201.242, DstIp: 10.50.15.11, hash: d53986ed01121c07a38eed88acba4ddd6c3d4fc8685dcfd665cbbf9bef33
Protocol: TCP, SrcIp: 40.99.201.242, DstIp: 10.50.15.11, hash: d53986ed01121c07a38eed88acba4ddd6c3d4fc8685dcfd665cbbf9bef33
Protocol: TCP, SrcIp: 40.99.201.242, DstIp: 10.50.15.11, hash: d53986ed01121c07a38eed88acba4ddd6c3d4fc8685dcfd665cbbf9bef33
Protocol: TCP, SrcIp: 40.99.201.242, DstIp: 10.50.15.11, hash: d53986ed01121c07a38eed88acba4ddd6c3d4fc8685dcfd665cbbf9bef33
Protocol: TCP, SrcIp: 40.99.201.242, DstIp: 10.50.15.11, hash: d53986ed01121c07a38eed88acba4ddd6c3d4fc8685dcfd665cbbf9bef33
Protocol: TCP, SrcIp: 10.50.15.11, DstIp: 40.99.201.242, hash: 10fb9424afca13dda1ebb06d99518da9827e6884a8e761f7d93831d9a9ea3
Protocol: TCP, SrcIp: 10.50.15.11, DstIp: 40.99.201.242, hash: 10fb9424afca13dda1ebb06d99518da9827e6884a8e761f7d93831d9a9ea3
Protocol: TCP, SrcIp: 10.50.15.11, DstIp: 40.99.201.242, hash: 10fb9424afca13dda1ebb06d99518da9827e6884a8e761f7d93831d9a9ea3
Protocol: TCP, SrcIp: 10.50.15.11, DstIp: 40.99.201.242, hash: 10fb9424afca13dda1ebb06d99518da9827e6884a8e761f7d93831d9a9ea3
Protocol: TCP, SrcIp: 40.99.201.242, DstIp: 10.50.15.11, hash: d53986ed01121c07a38eed88acba4ddd6c3d4fc8685dcfd665cbbf9bef33
Protocol: TCP, SrcIp: 40.99.201.242, DstIp: 10.50.15.11, hash: d53986ed01121c07a38eed88acba4ddd6c3d4fc8685dcfd665cbbf9bef33
Protocol: TCP, SrcIp: 40.99.201.242, DstIp: 10.50.15.11, hash: d53986ed01121c07a38eed88acba4ddd6c3d4fc8685dcfd665cbbf9bef33
Protocol: TCP, SrcIp: 40.99.201.242, DstIp: 10.50.15.11, hash: d53986ed01121c07a38eed88acba4ddd6c3d4fc8685dcfd665cbbf9bef33
Protocol: TCP, SrcIp: 40.99.201.242, DstIp: 10.50.15.11, hash: d53986ed01121c07a38eed88acba4ddd6c3d4fc8685dcfd665cbbf9bef33
Protocol: TCP, SrcIp: 40.99.201.242, DstIp: 10.50.15.11, hash: d53986ed01121c07a38eed88acba4ddd6c3d4fc8685dcfd665cbbf9bef33
Protocol: TCP, SrcIp: 40.99.201.242, DstIp: 10.50.15.11, hash: d53986ed01121c07a38eed88acba4ddd6c3d4fc8685dcfd665cbbf9bef33
Protocol: TCP, SrcIp: 40.99.201.242, DstIp: 10.50.15.11, hash: d53986ed01121c07a38eed88acba4ddd6c3d4fc8685dcfd665cbbf9bef33
Protocol: TCP, SrcIp: 10.50.15.11, DstIp: 40.99.201.242, hash: 10fb9424afca13dda1ebb06d99518da9827e6884a8e761f7d93831d9a9ea3
Protocol: TCP, SrcIp: 10.50.15.11, DstIp: 74.125.71.188, hash: bc18ddd788a4ae6726a9fd044b83da1e99c8095e43e75c0cfc0fce95fac74b2
Protocol: TCP, SrcIp: 74.125.71.188, DstIp: 10.50.15.11, hash: 37befbdfe7832de6f42f6950ff5a1fb33de1e8af7748f963fc7ea64822
Protocol: TCP, SrcIp: 10.50.15.11, DstIp: 8.8.4.4, hash: 8066517e21a9614eabdd26bf84174cfa7873867f6dcee902c2c5f40dae1ae6f
Protocol: TCP, SrcIp: 8.8.4.4, DstIp: 10.50.15.11, hash: 424886c83b3b2dde85ec3d4feae6d07641358581adfef7b686fea634245cd4d6
Protocol: TCP, SrcIp: 8.8.4.4, DstIp: 10.50.15.11, hash: 424886c83b3b2dde85ec3d4feae6d07641358581adfef7b686fea634245cd4d6
Protocol: TCP, SrcIp: 8.8.4.4, DstIp: 10.50.15.11, hash: 424886c83b3b2dde85ec3d4feae6d07641358581adfef7b686fea634245cd4d6
Protocol: TCP, SrcIp: 8.8.4.4, DstIp: 10.50.15.11, hash: 424886c83b3b2dde85ec3d4feae6d07641358581adfef7b686fea634245cd4d6
Protocol: TCP, SrcIp: 8.8.4.4, DstIp: 10.50.15.11, hash: 424886c83b3b2dde85ec3d4feae6d07641358581adfef7b686fea634245cd4d6
Protocol: TCP, SrcIp: 10.50.15.11, DstIp: 8.8.4.4, hash: 8066517e21a9614eabdd26bf84174cfa7873867f6dcee902c2c5f40dae1ae6f
Protocol: TCP, SrcIp: 10.50.15.11, DstIp: 8.8.4.4, hash: 8066517e21a9614eabdd26bf84174cfa7873867f6dcee902c2c5f40dae1ae6f
Protocol: TCP, SrcIp: 8.8.4.4, DstIp: 10.50.15.11, hash: 424886c83b3b2dde85ec3d4feae6d07641358581adfef7b686fea634245cd4d6
Protocol: TCP, SrcIp: 10.50.15.11, DstIp: 34.198.116.68, hash: d1ed7f6e3aea121781fe9738cac7286c689d922a8ac775e6c8489937aa52e92c
Protocol: TCP, SrcIp: 10.50.15.11, DstIp: 52.201.94.113, hash: 424456adeb5e7e6c942c3feafa46ecd7a11a1d2273dd095187353d050f5c1e8
Protocol: TCP, SrcIp: 34.198.116.68, DstIp: 10.50.15.11, hash: ec919ec5706bec314c2978bfa3c0484fa4206a4216ff3f75b524d87f21c99ba
Protocol: TCP, SrcIp: 10.50.15.11, DstIp: 34.198.116.68, hash: d1ed7f6e3aea121781fe9738cac7286c689d922a8ac775e6c8489937aa52e92c
Protocol: TCP, SrcIp: 10.50.15.11, DstIp: 34.198.116.68, hash: d1ed7f6e3aea121781fe9738cac7286c689d922a8ac775e6c8489937aa52e92c
Protocol: TCP, SrcIp: 34.198.116.68, DstIp: 10.50.15.11, hash: ec919ec5706bec314c2978bfa3c0484fa4206a4216ff3f75b524d87f21c99ba
Protocol: TCP, SrcIp: 52.201.94.113, DstIp: 10.50.15.11, hash: aa298e66274bbc9216e346b71bcfbf89edbc2c44365d1ffadc9927740516255
Protocol: TCP, SrcIp: 34.198.116.68, DstIp: 10.50.15.11, hash: ec919ec5706bec314c2978bfa3c0484fa4206a4216ff3f75b524d87f21c99ba
Protocol: TCP, SrcIp: 34.198.116.68, DstIp: 10.50.15.11, hash: ec919ec5706bec314c2978bfa3c0484fa4206a4216ff3f75b524d87f21c99ba
Protocol: TCP, SrcIp: 34.198.116.68, DstIp: 10.50.15.11, hash: ec919ec5706bec314c2978bfa3c0484fa4206a4216ff3f75b524d87f21c99ba
Protocol: TCP, SrcIp: 10.50.15.11, DstIp: 52.201.94.113, hash: 424456adeb5e7e6c942c3feafa46ecd7a11a1d2273dd095187353d050f5c1e8
Protocol: TCP, SrcIp: 10.50.15.11, DstIp: 34.198.116.68, hash: d1ed7f6e3aea121781fe9738cac7286c689d922a8ac775e6c8489937aa52e92c
Protocol: TCP, SrcIp: 10.50.15.11, DstIp: 52.201.94.113, hash: 424456adeb5e7e6c942c3feafa46ecd7a11a1d2273dd095187353d050f5c1e8
Protocol: TCP, SrcIp: 10.50.15.11, DstIp: 34.198.116.68, hash: d1ed7f6e3aea121781fe9738cac7286c689d922a8ac775e6c8489937aa52e92c
Protocol: TCP, SrcIp: 34.198.116.68, DstIp: 10.50.15.11, hash: ec919ec5706bec314c2978bfa3c0484fa4206a4216ff3f75b524d87f21c99ba
Protocol: TCP, SrcIp: 52.201.94.113, DstIp: 10.50.15.11, hash: aa298e66274bbc9216e346b71bcfbf89edbc2c44365d1ffadc9927740516255
Protocol: TCP, SrcIp: 10.50.15.11, DstIp: 34.198.116.68, hash: d1ed7f6e3aea121781fe9738cac7286c689d922a8ac775e6c8489937aa52e92c
Protocol: TCP, SrcIp: 10.50.15.11, DstIp: 34.198.116.68, hash: d1ed7f6e3aea121781fe9738cac7286c689d922a8ac775e6c8489937aa52e92c
Protocol: TCP, SrcIp: 52.201.94.113, DstIp: 10.50.15.11, hash: aa298e66274bbc9216e346b71bcfbf89edbc2c44365d1ffadc9927740516255
Protocol: TCP, SrcIp: 52.201.94.113, DstIp: 10.50.15.11, hash: aa298e66274bbc9216e346b71bcfbf89edbc2c44365d1ffadc9927740516255
Protocol: TCP, SrcIp: 52.201.94.113, DstIp: 10.50.15.11, hash: aa298e66274bbc9216e346b71bcfbf89edbc2c44365d1ffadc9927740516255
Protocol: TCP, SrcIp: 52.201.94.113, DstIp: 10.50.15.11, hash: aa298e66274bbc9216e346b71bcfbf89edbc2c44365d1ffadc9927740516255
Protocol: TCP, SrcIp: 10.50.15.11, DstIp: 52.201.94.113, hash: 424456adeb5e7e6c942c3feafa46ecd7a11a1d2273dd095187353d050f5c1e8
Protocol: TCP, SrcIp: 10.50.15.11, DstIp: 52.201.94.113, hash: 424456adeb5e7e6c942c3feafa46ecd7a11a1d2273dd095187353d050f5c1e8
Protocol: TCP, SrcIp: 10.50.15.11, DstIp: 52.201.94.113, hash: 424456adeb5e7e6c942c3feafa46ecd7a11a1d2273dd095187353d050f5c1e8
Protocol: TCP, SrcIp: 34.198.116.68, DstIp: 10.50.15.11, hash: ec919ec5706bec314c2978bfa3c0484fa4206a4216ff3f75b524d87f21c99ba
Protocol: TCP, SrcIp: 34.198.116.68, DstIp: 10.50.15.11, hash: ec919ec5706bec314c2978bfa3c0484fa4206a4216ff3f75b524d87f21c99ba
Protocol: TCP, SrcIp: 34.198.116.68, DstIp: 10.50.15.11, hash: ec919ec5706bec314c2978bfa3c0484fa4206a4216ff3f75b524d87f21c99ba
Protocol: TCP, SrcIp: 10.50.15.11, DstIp: 34.198.116.68, hash: d1ed7f6e3aea121781fe9738cac7286c689d922a8ac775e6c8489937aa52e92c
Protocol: TCP, SrcIp: 10.50.15.11, DstIp: 34.198.116.68, hash: d1ed7f6e3aea121781fe9738cac7286c689d922a8ac775e6c8489937aa52e92c
Protocol: TCP, SrcIp: 10.50.15.11, DstIp: 34.198.116.68, hash: d1ed7f6e3aea121781fe9738cac7286c689d922a8ac775e6c8489937aa52e92c
Protocol: TCP, SrcIp: 10.50.15.11, DstIp: 34.198.116.68, hash: d1ed7f6e3aea121781fe9738cac7286c689d922a8ac775e6c8489937aa52e92c
Protocol: TCP, SrcIp: 10.50.15.11, DstIp: 52.201.94.113, hash: 424456adeb5e7e6c942c3feafa46ecd7a11a1d2273dd095187353d050f5c1e8
Protocol: TCP, SrcIp: 52.201.94.113, DstIp: 10.50.15.11, hash: aa298e66274bbc9216e346b71bcfbf89edbc2c44365d1ffadc9927740516255
Protocol: TCP, SrcIp: 52.201.94.113, DstIp: 10.50.15.11, hash: aa298e66274bbc9216e346b71bcfbf89edbc2c44365d1ffadc9927740516255
Protocol: TCP, SrcIp: 52.201.94.113, DstIp: 10.50.15.11, hash: aa298e66274bbc9216e346b71bcfbf89edbc2c44365d1ffadc9927740516255
Protocol: TCP, SrcIp: 10.50.15.11, DstIp: 52.201.94.113, hash: 424456adeb5e7e6c942c3feafa46ecd7a11a1d2273dd095187353d050f5c1e8
Protocol: TCP, SrcIp: 34.198.116.68, DstIp: 10.50.15.11, hash: ec919ec5706bec314c2978bfa3c0484fa4206a4216ff3f75b524d87f21c99ba
Protocol: TCP, SrcIp: 34.198.116.68, DstIp: 10.50.15.11, hash: ec919ec5706bec314c2978bfa3c0484fa4206a4216ff3f75b524d87f21c99ba
Protocol: TCP, SrcIp: 10.50.15.11, DstIp: 34.198.116.68, hash: d1ed7f6e3aea121781fe9738cac7286c689d922a8ac775e6c8489937aa52e92c
Protocol: TCP, SrcIp: 52.201.94.113, DstIp: 10.50.15.11, hash: aa298e66274bbc9216e346b71bcfbf89edbc2c44365d1ffadc9927740516255
Protocol: TCP, SrcIp: 10.50.15.11, DstIp: 52.201.94.113, hash: 424456adeb5e7e6c942c3feafa46ecd7a11a1d2273dd095187353d050f5c1e8
Protocol: TCP, SrcIp: 34.198.116.68, DstIp: 10.50.15.11, hash: ec919ec5706bec314c2978bfa3c0484fa4206a4216ff3f75b524d87f21c99ba
Protocol: TCP, SrcIp: 10.50.15.11, DstIp: 34.198.116.68, hash: d1ed7f6e3aea121781fe9738cac7286c689d922a8ac775e6c8489937aa52e92c
Protocol: TCP, SrcIp: 10.50.15.11, DstIp: 20.50.80.210, hash: 51848df648078c4bcd249835195e5ee5a0923b1e98cc40921a6fc5135682ca
Protocol: TCP, SrcIp: 20.50.80.210, DstIp: 10.50.15.11, hash: 665e43133566da20d35909f4050c8ae73df2c441ace632766aac5d194c018
Protocol: TCP, SrcIp: 10.50.15.11, DstIp: 10.84.223.37, hash: 9cac6f6a1e8cbd41b7c2e89fdf5d1aa754e7e0512ade264d495686eeb215fd3
Protocol: TCP, SrcIp: 10.50.15.11, DstIp: 10.50.46.12, hash: 524f636a3bc3e418a37394b99860b5486fc8167a45fce193a4075d2261e93c
Protocol: TCP, SrcIp: 10.50.15.11, DstIp: 10.84.223.37, hash: 9cac6f6a1e8cbd41b7c2e89fdf5d1aa754e7e0512ade264d495686eeb215fd3
Protocol: TCP, SrcIp: 10.50.15.3, DstIp: 10.50.15.11, hash: a1c226f2496355153fb7ce7e388269e2f594a27273d0daff3d472b677537
Protocol: TCP, SrcIp: 10.50.15.11, DstIp: 10.50.15.3, hash: 5bb3e3f437149e75c47592c8f121d1d3fbd315315cbe6da6f3e4e94c779f6c0
Protocol: TCP, SrcIp: 10.50.15.3, DstIp: 10.50.15.11, hash: a1c226f2496355153fb7ce7e388269e2f594a27273d0daff3d472b677537
Protocol: TCP, SrcIp: 10.50.15.3, DstIp: 10.50.15.11, hash: a1c226f2496355153fb7ce7e388269e2f594a27273d0daff3d472b677537
Protocol: TCP, SrcIp: 10.50.15.11, DstIp: 10.50.15.3, hash: 5bb3e3f437149e75c47592c8f121d1d3fbd315315cbe6da6f3e4e94c779f6c0
Protocol: TCP, SrcIp: 10.50.15.11, DstIp: 10.50.15.3, hash: 5bb3e3f437149e75c47592c8f121d1d3fbd315315cbe6da6f3e4e94c779f6c0
Protocol: TCP, SrcIp: 10.50.15.11, DstIp: 10.50.15.3, hash: 5bb3e3f437149e75c47592c8f121d1d3fbd315315cbe6da6f3e4e94c779f6c0
Protocol: TCP, SrcIp: 10.50.15.3, DstIp: 10.50.15.11, hash: a1c226f2496355153fb7ce7e388269e2f594a27273d0daff3d472b677537
Protocol: TCP, SrcIp: 10.50.15.3, DstIp: 10.50.15.11, hash: a1c226f2496355153fb7ce7e388269e2f594a27273d0daff3d472b677537
Protocol: TCP, SrcIp: 10.50.15.11, DstIp: 10.50.15.3, hash: 5bb3e3f437149e75c47592c8f121d1d3fbd315315cbe6da6f3e4e94c779f6c0
Protocol: TCP, SrcIp: 10.50.15.11, DstIp: 10.50.15.3, hash: 5bb3e3f437149e75c47592c8f121d1d3fbd315315cbe6da6f3e4e94c779f6c0
Protocol: TCP, SrcIp: 10.50.15.3, DstIp: 10.50.15.11, hash: a1c226f2496355153fb7ce7e388269e2f594a27273d0daff3d472b677537
Protocol: TCP, SrcIp: 10.50.15.11, DstIp: 10.50.46.12, hash: 524f636a3bc3e418a37394b99860b5486fc8167a45fce193a4075d2261e93c
Protocol: TCP, SrcIp: 10.50.15.11, DstIp: 10.84.223.37, hash: 9cac6f6a1e8cbd41b7c2e89fdf5d1aa754e7e0512ade264d495686eeb215fd3
Protocol: TCP, SrcIp: 10.50.15.11, DstIp: 10.84.223.192, hash: bf511d23e3cbf579b56d71dec62149616ce471d1c51aeec711b10abf66431d3
Protocol: TCP, SrcIp: 10.50.15.11, DstIp: 10.50.24.41, hash: aba4d1e4e8116761a99de22013823e2f389bd3ed6b2759a81b3c5be1626433e3
Protocol: TCP, SrcIp: 10.50.15.11, DstIp: 10.50.16.4, hash: 3829418c77d73b656ffa14fa2e21d7f04a47d34ebba2ebc83fc3628a7fccf85
Protocol: TCP, SrcIp: 10.50.15.11, DstIp: 10.50.16.4, hash: 3829418c77d73b656ffa14fa2e21d7f04a47d34ebba2ebc83fc3628a7fccf85
Protocol: TCP, SrcIp: 10.50.15.11, DstIp: 10.50.44.7, hash: f7197268a47977606efcdb8f75f11fd41934a9d38524606cbf77e1f8c57c124
Protocol: TCP, SrcIp: 10.50.15.11, DstIp: 20.44.10.123, hash: 83af7ed623568d8569dccfc4d08f82106a8d909594b8e174c54c5b6c7ce31af
Protocol: TCP, SrcIp: 10.50.15.11, DstIp: 20.44.10.123, hash: 83af7ed623568d8569dccfc4d08f82106a8d909594b8e174c54c5b6c7ce31af
Protocol: TCP, SrcIp: 10.50.15.11, DstIp: 20.44.10.123, hash: 83af7ed623568d8569dccfc4d08f82106a8d909594b8e174c54c5b6c7ce31af
Protocol: TCP, SrcIp: 10.50.15.11, DstIp: 10.84.223.192, hash: bf511d23e3cbf579b56d71dec62149616ce471d1c51aeec711b10abf66431d3
Protocol: TCP, SrcIp: 20.44.10.123, DstIp: 10.50.15.11, hash: 321dc8ecfe1c7780d5f3516e20840c0a8ace383bff3187aa62acf3ecf93ba70
Protocol: TCP, SrcIp: 10.50.15.11, DstIp: 10.50.15.15, hash: 94e31b1d048a5b6bb66ffce3a83f47d8ee2eafe8c7be0c07ac8365ab53888fd
Protocol: TCP, SrcIp: 10.50.15.11, DstIp: 10.50.15.15, hash: 94e31b1d048a5b6bb66ffce3a83f47d8ee2eafe8c7be0c07ac8365ab53888fd
Protocol: TCP, SrcIp: 10.50.15.11, DstIp: 10.50.15.15, hash: 94e31b1d048a5b6bb66ffce3a83f47d8ee2eafe8c7be0c07ac8365ab53888fd
Protocol: TCP, SrcIp: 10.50.15.15, DstIp: 10.50.15.11, hash: 49b5c98f27606d49cf2cecbcedb25422980be141e489947385c6cb566e62e
Protocol: TCP, SrcIp: 10.50.15.11, DstIp: 10.50.15.15, hash: 94e31b1d048a5b6bb66ffce3a83f47d8ee2eafe8c7be0c07ac8365ab53888fd
Protocol: TCP, SrcIp: 10.50.15.15, DstIp: 10.50.15.11, hash: 49b5c98f27606d49cf2cecbcedb25422980be141e489947385c6cb566e62e
Protocol: TCP, SrcIp: 10.50.15.15, DstIp: 10.50.15.11, hash: 49b5c98f27606d49cf2cecbcedb25422980be141e489947385c6cb566e62e
Protocol: TCP, SrcIp: 10.50.15.11, DstIp: 10.50.15.15, hash: 94e31b1d048a5b6bb66ffce3a83f47d8ee2eafe8c7be0c07ac8365ab53888fd
Protocol: TCP, SrcIp: 10.50.15.11, DstIp: 10.50.24.1, hash: c57da55726e79c21688399adcc27d67add33901060fae53edca27469c884cb6d
Protocol: TCP, SrcIp: 10.50.15.11, DstIp: 104.18.37.228, hash: efc4d66b5248a0cac68f705653f62f511c6bdfb1343ba7a4d9c241ea77ae3cf
Protocol: TCP, SrcIp: 20.44.10.123, DstIp: 10.50.15.11, hash: 321dc8ecfe1c7780d5f3516e20840c0a8ace383bff3187aa62acf3ecf93ba70
Protocol: TCP, SrcIp: 10.50.15.11, DstIp: 20.44.10.123, hash: 83af7ed623568d8569dccfc4d08f82106a8d909594b8e174c54c5b6c7ce31af
Protocol: TCP, SrcIp: 10.50.15.11, DstIp: 10.50.24.41, hash: aba4d1e4e8116761a99de22013823e2f389bd3ed6b2759a81b3c5be1626433e3
Protocol: TCP, SrcIp: 10.50.15.11, DstIp: 10.50.16.4, hash: 3829418c77d73b656ffa14fa2e21d7f04a47d34ebba2ebc83fc3628a7fccf85
Protocol: TCP, SrcIp: 10.50.15.11, DstIp: 10.50.44.7, hash: f7197268a47977606efcdb8f75f11fd41934a9d38524606cbf77e1f8c57c124
Protocol: TCP, SrcIp: 10.50.15.11, DstIp: 104.18.37.228, hash: efc4d66b5248a0cac68f705653f62f511c6bdfb1343ba7a4d9c241ea77ae3cf
Protocol: TCP, SrcIp: 10.50.15.11, DstIp: 20.90.152.133, hash: e7b11df4552af98f052cc314bb487d4f7144070183e1dd44fb219c65ae9d
Protocol: TCP, SrcIp: 20.90.152.133, DstIp: 10.50.15.11, hash: 803969519eab4bfd58f4ca47bc97884dd7e7946add6fff9f6d7c49badd240a2
Protocol: TCP, SrcIp: 10.50.15.11, DstIp: 20.90.152.133, hash: e7b11df4552af98f052cc314bb487d4f7144070183e1dd44fb219c65ae9d
Protocol: TCP, SrcIp: 20.90.152.133, DstIp: 10.50.15.11, hash: 803969519eab4bfd58f4ca47bc97884dd7e7946add6fff9f6d7c49badd240a2
Protocol: TCP, SrcIp: 10.50.15.11, DstIp: 20.90.152.133, hash: e7b11df4552af98f052cc314bb487d4f7144070183e1dd44fb219c65ae9d
Protocol: TCP, SrcIp: 10.50.15.11, DstIp: 10.50.12.8, hash: d66176c7feb96afa12424a2ebb5f5b7a6aec76dc7a786fea670f042f957250
Protocol: TCP, SrcIp: 10.50.15.11, DstIp: 10.50.12.8, hash: d66176c7feb96afa12424a2ebb5f5b7a6aec76dc7a786fea670f042f957250
Protocol: TCP, SrcIp: 10.50.15.11, DstIp: 10.50.12.8, hash: d66176c7feb96afa12424a2ebb5f5b7a6aec76dc7a786fea670f042f957250
Protocol: TCP, SrcIp: 10.50.15.11, DstIp: 10.50.16.4, hash: 3829418c77d73b656ffa14fa2e21d7f04a47d34ebba2ebc83fc3628a7fccf85
Protocol: TCP, SrcIp: 10.50.15.11, DstIp: 10.50.44.7, hash: f7197268a47977606efcdb8f75f11fd41934a9d38524606cbf77e1f8c57c124
Protocol: TCP, SrcIp: 10.50.15.11, DstIp: 10.50.11.6, hash: c387f7b15fb7818f927b3538a931519212d0bc439999ce4cd991cdba1fcb239
Protocol: TCP, SrcIp: 10.50.15.11, DstIp: 10.50.44.7, hash: f7197268a47977606efcdb8f75f11fd41934a9d38524606cbf77e1f8c57c124
Protocol: TCP, SrcIp: 10.50.15.11, DstIp: 10.50.16.4, hash: 3829418c77d73b656ffa14fa2e21d7f04a47d34ebba2ebc83fc3628a7fccf85
Protocol: TCP, SrcIp: 10.50.15.11, DstIp: 10.50.11.6, hash: c387f7b15fb7818f927b3538a931519212d0bc439999ce4cd991cdba1fcb239
Protocol: TCP, SrcIp: 10.50.15.11, DstIp: 52.201.94.113, hash: 424456adeb5e7e6c942c3feafa46ecd7a11a1d2273dd095187353d050f5c1e8
Protocol: TCP, SrcIp: 10.50.15.11, DstIp: 52.201.94.113, hash: 424456adeb5e7e6c942c3feafa46ecd7a11a1d2273dd095187353d050f5c1e8
Protocol: TCP, SrcIp: 10.50.15.11, DstIp: 10.50.44.7, hash: f7197268a47977606efcdb8f75f11fd41934a9d38524606cbf77e1f8c57c124
Protocol: TCP, SrcIp: 10.50.15.11, DstIp: 8.8.4.4, hash: 8066517e21a9614eabdd26bf84174cfa7873867f6dcee902c2c5f40dae1ae6f
Protocol: TCP, SrcIp: 10.50.15.11, DstIp: 10.50.46.12, hash: 524f636a3bc3e418a37394b99860b5486fc8167a45fce193a4075d2261e93c
Protocol: TCP, SrcIp: 10.50.15.11, DstIp: 10.84.223.37, hash: 9cac6f6a1e8cbd41b7c2e89fdf5d1aa754e7e0512ade264d495686eeb215fd3
Protocol: TCP, SrcIp: 10.50.15.11, DstIp: 10.50.46.12, hash: 524f636a3bc3e418a37394b99860b5486fc8167a45fce193a4075d2261e93c
Protocol: TCP, SrcIp: 10.50.15.11, DstIp: 10.84.223.37, hash: 9cac6f6a1e8cbd41b7c2e89fdf5d1aa754e7e0512ade264d495686eeb215fd3
Protocol: TCP, SrcIp: 10.50.15.11, DstIp: 10.50.46.12, hash: 524f636a3bc3e418a37394b99860b5486fc8167a45fce193a4075d2261e93c
Protocol: UDP, SrcIp: fe80:0:0:0:8af:a76e:b46e:18e, DstIp: ff02:0:0:0:0:0:0:fb, hash: ac55b2a282398f4230ae2582f47577fde984992ddd71937249c1a93542f4d
Protocol: TCP, SrcIp: 10.50.15.11, DstIp: 10.50.18.15, hash: 5911e46d8d82287066fb4f488936b2dbbecefb6e627cdc9e012cd37285f4a6
Protocol: TCP, SrcIp: 10.50.15.11, DstIp: 10.84.222.89, hash: 7ca8c61bd8ad7efc46e873c1b9c73d31d9e6a3d603cf896d5817f82a932acb
Protocol: TCP, SrcIp: 10.50.15.11, DstIp: 10.50.18.15, hash: 5911e46d8d82287066fb4f488936b2dbbecefb6e627cdc9e012cd37285f4a6
Protocol: TCP, SrcIp: 10.50.15.11, DstIp: 10.84.222.89, hash: 7ca8c61bd8ad7efc46e873c1b9c73d31d9e6a3d603cf896d5817f82a932acb
